trigram,ratio
employer and value,4.489660917287338
you need a,4.416160329282634
this role may,4.4100352802822425
need a reasonable,4.407993597282111
and value a,4.381451718280413
reasonable accommodation during,4.379410035280283
accommodation during the,4.375326669280021
value a attitude,4.371243303279759
a attitude over,4.3671599372794985
to diversity is,4.3671599372794985
during the application,4.363076571279237
diversity is central,4.354909839278714
is central to,4.354909839278714
central to our,4.354909839278714
to our mission,4.352868156278583
our mission we,4.352868156278583
application process please,4.350826473278453
attitude over everything,4.350826473278453
over everything else,4.350826473278453
mission we believe,4.350826473278453
process please let,4.348784790278322
please let our,4.344701424278061
let our hr,4.3406180582778
our hr team,4.338576375277668
believe that a,4.338576375277668
hr team know,4.334493009277407
that a variety,4.334493009277407
variety of backgrounds,4.330409643277147
of backgrounds and,4.328367960277015
backgrounds and perspectives,4.3079511302757085
note that this,4.301826081275317
and perspectives leads,4.301826081275317
perspectives leads to,4.299784398275186
that this role,4.297742715275056
leads to better,4.293659349274794
role may require,4.289575983274532
may require occasional,4.273242519273488
to better innovation,4.273242519273488
require occasional travel,4.267117470273096
better innovation and,4.263034104272834
occasional travel to,4.260992421272703
identity or national,4.260992421272703
travel to our,4.258950738272572
or national origin,4.256909055272443
innovation and better,4.254867372272312
to our headquarters,4.242617274271527
and better products,4.242617274271527
our headquarters for,4.236492225271135
headquarters for events,4.211992029269567
for events and,4.211992029269567
events and quarterly,4.199741931268783
and quarterly planning,4.193616882268392
quarterly planning sessions,4.18953351626813
commitment to diversity,2.9534365197098498
please note that,2.657049351288925
we believe that,2.64386902342985
our commitment to,2.450066744811165
the application process,2.395411906639249
are an equal,2.3644710583317927
we are an,2.1638362464897885
a reasonable accommodation,2.118261216616429
working with relational,2.01922448712923
opportunity employer and,1.925031567405436
if you need,1.9209983433251578
business stakeholders to,1.8497647981183851
with relational databases,1.837514700117601
relational databases sql,1.837514700117601
databases sql and,1.837514700117601
sql and data,1.837514700117601
and data platforms,1.837514700117601
understanding of statistics,1.813014504116033
and business stakeholders,1.7048053051091074
partner with product,1.6313047171044035
stakeholders to translate,1.6313047171044035
science statistics mathematics,1.6272213511041422
ability to influence,1.5884293741016595
religion sex sexual,1.5753403718082926
experimentation and model,1.5598458120998302
monitor model performance,1.5435123480987847
model performance over,1.5435123480987847
performance over time,1.5435123480987847
over time and,1.5435123480987847
time and apply,1.5435123480987847
and apply retraining,1.5435123480987847
apply retraining or,1.5435123480987847
retraining or recalibration,1.5435123480987847
or recalibration strategies,1.5435123480987847
recalibration strategies as,1.5435123480987847
strategies as needed,1.5435123480987847
gender identity or,1.5346139229073708
strong communication skills,1.5190121520972166
such as aws,1.4740951260943422
aws gcp or,1.46797007709395
gcp or azure,1.46797007709395
statistics mathematics or,1.4332614660917287
to influence decisions,1.4271364170913368
influence decisions using,1.4271364170913368
decisions using insights,1.4271364170913368
we offer competitive,1.4250947340912061
of experience building,1.4230530510910755
experience building and,1.4230530510910755
a related quantitative,1.4189696850908142
related quantitative field,1.4189696850908142
offer competitive compensation,1.3985528550895074
strong proficiency in,1.394469489089246
proficiency in python,1.394469489089246
data science libraries,1.394469489089246
science libraries such,1.394469489089246
such as pandas,1.394469489089246
as pandas numpy,1.394469489089246
rigorous decision making,1.3679276100875475
at the intersection,1.3352606820854567
the intersection of,1.3352606820854567
a collaborative environment,1.296468705082974
collaborative environment where,1.296468705082974
is a technology,1.2883019730824514
experience deploying models,1.2862602900823206
deploying models into,1.2862602900823206
models into environments,1.2862602900823206
into environments such,1.2862602900823206
environments such as,1.2862602900823206
as aws gcp,1.2862602900823206
applicants will receive,1.278837203832784
our organization is,1.2760518750816674
a growing company,1.2576767280804915
learning models that,1.2576767280804915
qualified applicants will,1.243476984735733
and analytics company,1.2433849470795766
this role offers,1.2372598980791847
environment where priorities,1.2372598980791847
candidates should be,1.2331765320789234
in production environments,1.2270514830785313
are a growing,1.2250098000784007
growing company that,1.2250098000784007
company that leverages,1.2250098000784007
that leverages data,1.2250098000784007
leverages data science,1.2250098000784007
learning and modern,1.2250098000784007
and modern software,1.2250098000784007
modern software engineering,1.2250098000784007
software engineering practices,1.2250098000784007
engineering practices to,1.2250098000784007
practices to build,1.2250098000784007
to build trusted,1.2250098000784007
build trusted products,1.2250098000784007
trusted products and,1.2250098000784007
and services used,1.2250098000784007
services used by,1.2250098000784007
used by millions,1.2250098000784007
by millions of,1.2250098000784007
millions of end,1.2250098000784007
of end users,1.2250098000784007
organization is a,1.2250098000784007
a technology and,1.2250098000784007
technology and analytics,1.2250098000784007
analytics company that,1.2250098000784007
company that supports,1.2250098000784007
that supports a,1.2250098000784007
supports a wide,1.2250098000784007
range of commercial,1.2250098000784007
of commercial and,1.2250098000784007
commercial and clients,1.2250098000784007
and clients we,1.2250098000784007
clients we emphasize,1.2250098000784007
we emphasize rigorous,1.2250098000784007
emphasize rigorous decision,1.2250098000784007
decision making and,1.2250098000784007
making and invest,1.2250098000784007
and invest heavily,1.2250098000784007
invest heavily in,1.2250098000784007
heavily in scalable,1.2250098000784007
in scalable analytics,1.2250098000784007
scalable analytics platforms,1.2250098000784007
this company operates,1.2250098000784007
company operates at,1.2250098000784007
operates at the,1.2250098000784007
intersection of advanced,1.2250098000784007
of advanced analytics,1.2250098000784007
advanced analytics cloud,1.2250098000784007
analytics cloud computing,1.2250098000784007
cloud computing and,1.2250098000784007
computing and applied,1.2250098000784007
and applied research,1.2250098000784007
applied research our,1.2250098000784007
research our teams,1.2250098000784007
our teams partner,1.2250098000784007
teams partner closely,1.2250098000784007
partner closely with,1.2250098000784007
closely with customers,1.2250098000784007
with customers to,1.2250098000784007
customers to translate,1.2250098000784007
to translate complex,1.2250098000784007
translate complex problems,1.2250098000784007
complex problems into,1.2250098000784007
problems into practical,1.2250098000784007
into practical solutions,1.2250098000784007
at least years,1.2250098000784007
least years of,1.2250098000784007
building and evaluating,1.2250098000784007
and evaluating statistical,1.2250098000784007
evaluating statistical or,1.2250098000784007
statistical or machine,1.2250098000784007
or machine learning,1.2250098000784007
bachelor s or,1.2250098000784007
s or master,1.2250098000784007
or master s,1.2250098000784007
mathematics or a,1.2250098000784007
data platforms experience,1.2250098000784007
platforms experience working,1.2250098000784007
in python and,1.2250098000784007
python and experience,1.2250098000784007
experience with common,1.2250098000784007
with common data,1.2250098000784007
common data science,1.2250098000784007
pandas numpy pytorch,1.2250098000784007
numpy pytorch or,1.2250098000784007
pytorch or tensorflow,1.2250098000784007
of statistics probability,1.2250098000784007
statistics probability model,1.2250098000784007
probability model evaluation,1.2250098000784007
model evaluation techniques,1.2250098000784007
evaluation techniques and,1.2250098000784007
techniques and experimental,1.2250098000784007
and experimental design,1.2250098000784007
machine learning models,1.2213280675775664
role offers the,1.2107180190774858
color religion sex,1.199189306312605
should be comfortable,1.198467921076702
be comfortable operating,1.198467921076702
comfortable operating in,1.198467921076702
operating in a,1.198467921076702
may evolve over,1.198467921076702
offers the opportunity,1.1964262380765713
opportunity to work,1.1964262380765713
consideration for employment,1.1932215900930168
will receive consideration,1.1883565212510636
evolve over time,1.186217823075918
competitive compensation comprehensive,1.1841761400757873
receive consideration for,1.1766008998695991
work on meaningful,1.173967725075134
develop and deploy,1.1658009930746114
and deploy machine,1.1658009930746114
deploy machine learning,1.1658009930746114
engineers and business,1.1637593100744805
solid understanding of,1.154899571191662
compensation comprehensive benefits,1.1515092120736965
sex sexual orientation,1.1435711533085302
comprehensive benefits and,1.13109238207239
benefits and opportunities,1.13109238207239
and opportunities for,1.13109238207239
employment without regard,1.1297045424520045
for employment without,1.1252550351253037
opportunities for professional,1.1127172350712138
on meaningful initiatives,1.1086338690709525
meaningful initiatives with,1.1086338690709525
where priorities may,1.0902587220697766
initiatives with significant,1.0882170390696457
for professional growth,1.0861753560695153
priorities may evolve,1.0841336730693847
to race color,1.0831208305698758
professional growth and,1.0678002090683394
document methodologies and,1.0575917940676858
methodologies and communicate,1.0575917940676858
and communicate results,1.0575917940676858
communicate results through,1.0575917940676858
results through written,1.0575917940676858
through written reports,1.0575917940676858
written reports dashboards,1.0575917940676858
reports dashboards and,1.0575917940676858
dashboards and presentations,1.0575917940676858
with significant ownership,1.0555501110675554
significant ownership and,1.0494250620671632
growth and advancement,1.0494250620671632
with product managers,1.0494250620671632
product managers engineers,1.0494250620671632
managers engineers and,1.0494250620671632
to translate requirements,1.0494250620671632
translate requirements into,1.0494250620671632
requirements into analytical,1.0494250620671632
into analytical deliverables,1.0494250620671632
data pipelines that,1.0453416960669017
pipelines that support,1.0453416960669017
computer science statistics,1.0441286428550693
ownership and visibility,1.0351332810662486
as needed monitor,1.0290082320658565
needed monitor model,1.0290082320658565
models that operate,1.0290082320658565
that operate reliably,1.0290082320658565
operate reliably in,1.0290082320658565
reliably in production,1.0290082320658565
skills and the,0.9965581993933593
explore clean and,0.9881745720632432
clean and analyze,0.9881745720632432
and analyze large,0.9881745720632432
analyze large structured,0.9881745720632432
large structured and,0.9881745720632432
and unstructured datasets,0.9881745720632432
unstructured datasets to,0.9881745720632432
datasets to identify,0.9881745720632432
to identify trends,0.9881745720632432
identify trends patterns,0.9881745720632432
trends patterns and,0.9881745720632432
patterns and opportunities,0.9881745720632432
regard to race,0.9782684957260602
develop feature engineering,0.9718411080621978
feature engineering strategies,0.9718411080621978
engineering strategies and,0.9718411080621978
strategies and reusable,0.9718411080621978
and reusable data,0.9718411080621978
reusable data pipelines,0.9718411080621978
that support experimentation,0.9718411080621978
support experimentation and,0.9718411080621978
and model iteration,0.9718411080621978
race color religion,0.9683014255300808
using insights strong,0.9514242780608911
insights strong communication,0.9514242780608911
exposure to natural,0.9473409120606298
to natural language,0.9473409120606298
language processing time,0.9473409120606298
processing time series,0.9473409120606298
time series forecasting,0.9473409120606298
series forecasting recommender,0.9473409120606298
forecasting recommender systems,0.9473409120606298
recommender systems or,0.9473409120606298
systems or computer,0.9473409120606298
or computer vision,0.9473409120606298
communication skills and,0.9469933372278982
data science machine,0.9285785202089418
planning sessions if,0.9228407160590618
sessions if you,0.9228407160590618
better products we,0.9187573500588005
products we are,0.9187573500588005
familiarity with mlops,0.9187573500588005
with mlops concepts,0.9187573500588005
mlops concepts including,0.9187573500588005
concepts including versioning,0.9187573500588005
including versioning monitoring,0.9187573500588005
versioning monitoring pipelines,0.9187573500588005
monitoring pipelines and,0.9187573500588005
pipelines and model,0.9187573500588005
and model governance,0.9187573500588005
everything else our,0.9044655690578858
else our commitment,0.9024238860577551
team know qualified,0.8962988370573631
know qualified applicants,0.8942571540572324
better products our,0.8922154710571017
products our commitment,0.8881321050568404
everything else please,0.8840487390565791
else please note,0.8840487390565791
team know if,0.8799653730563177
team know our,0.8799653730563177
know our commitment,0.8799653730563177
know if you,0.8779236900561871
libraries such as,0.8755711297249786
everything else we,0.8656735920554032
national origin qualified,0.8656735920554032
origin qualified applicants,0.8656735920554032
else we are,0.8636319090552724
national origin please,0.8615902260551418
origin please note,0.8615902260551418
everything else qualified,0.8595485430550112
science machine learning,0.8592570428039705
else qualified applicants,0.8575068600548804
or azure experience,0.8575068600548804
azure experience deploying,0.8575068600548804
national origin our,0.8554651770547498
origin our commitment,0.8554651770547498
planning sessions please,0.8493401280543578
sessions please note,0.8493401280543578
national origin we,0.8493401280543578
origin we are,0.8452567620540964
planning sessions we,0.8452567620540964
sessions we are,0.8452567620540964
a variety of,0.8437655606698884
better products qualified,0.8391317130537044
team know we,0.8370900300535737
better products if,0.8370900300535737
products if you,0.8370900300535737
know we are,0.8350483470534431
everything else if,0.8330066640533124
products qualified applicants,0.8330066640533124
else if you,0.8309649810531817
team know please,0.8309649810531817
know please note,0.8309649810531817
national origin if,0.8187148830523977
origin if you,0.8187148830523977
planning sessions qualified,0.8187148830523977
sessions qualified applicants,0.8187148830523977
an equal opportunity,0.8153569313129437
without regard to,0.810116284747841
in a collaborative,0.8070447946122852
equal opportunity employer,0.8049657398088887
orientation gender identity,0.8032163785078272
to work on,0.8023926244456275
science computer science,0.7977114572800006
data science computer,0.7918348267555536
large complex datasets,0.7880896380504377
sexual orientation gender,0.7656597150877362
experience with cloud,0.7533810270482164
better products please,0.7533810270482164
products please note,0.7533810270482164
planning sessions our,0.7452142950476938
sessions our commitment,0.7411309290474324
and experience with,0.7407345213871633
to translate ambiguous,0.7390892460473018
flexible work arrangements,0.7288808310466484
design develop and,0.7067068979870917
or a related,0.7058324809534481
committed to building,0.700297269044819
data team you,0.6982555860446883
and the ability,0.6647647011211193
will partner with,0.6553802430419443
products and services,0.6446209729240754
in data science,0.6339648306308396
the role we,0.626796681040115
degree in data,0.6222309146435984
the duties and,0.6125049000392003
and responsibilities stated,0.6125049000392003
responsibilities stated are,0.6125049000392003
stated are a,0.6125049000392003
are a general,0.6125049000392003
a general summary,0.6125049000392003
general summary and,0.6125049000392003
summary and not,0.6125049000392003
and not all,0.6125049000392003
not all inclusive,0.6125049000392003
all other duties,0.6125049000392003
competitive compensation and,0.6125049000392003
compensation and comprehensive,0.6125049000392003
and comprehensive health,0.6125049000392003
comprehensive health benefits,0.6125049000392003
health benefits flexible,0.6125049000392003
benefits flexible work,0.6125049000392003
work arrangements and,0.6125049000392003
arrangements and support,0.6125049000392003
and support for,0.6125049000392003
support for learning,0.6125049000392003
for learning and,0.6125049000392003
learning and development,0.6125049000392003
and development an,0.6125049000392003
development an inclusive,0.6125049000392003
an inclusive culture,0.6125049000392003
inclusive culture that,0.6125049000392003
culture that values,0.6125049000392003
that values curiosity,0.6125049000392003
values curiosity collaboration,0.6125049000392003
curiosity collaboration and,0.6125049000392003
collaboration and diverse,0.6125049000392003
and diverse perspectives,0.6125049000392003
inclusive workplace we,0.6125049000392003
welcome applicants from,0.6125049000392003
applicants from all,0.6125049000392003
from all backgrounds,0.6125049000392003
role we looking,0.6125049000392003
we looking for,0.6125049000392003
join the data,0.6125049000392003
the data team,0.6125049000392003
team you report,0.6125049000392003
you report to,0.6125049000392003
report to the,0.6125049000392003
to the vp,0.6125049000392003
the vp of,0.6125049000392003
vp of engineering,0.6125049000392003
of engineering what,0.6125049000392003
engineering what you,0.6125049000392003
what you actually,0.6125049000392003
you actually do,0.6125049000392003
about you you,0.6125049000392003
you you been,0.6125049000392003
you been doing,0.6125049000392003
been doing this,0.6125049000392003
doing this for,0.6125049000392003
this for years,0.6125049000392003
for years you,0.6125049000392003
years you know,0.6125049000392003
you know that,0.6125049000392003
know that is,0.6125049000392003
that is the,0.6125049000392003
is the enemy,0.6125049000392003
the enemy of,0.6125049000392003
enemy of you,0.6125049000392003
of you comfortable,0.6125049000392003
you comfortable with,0.6125049000392003
comfortable with a,0.6125049000392003
with a terminal,0.6125049000392003
a terminal and,0.6125049000392003
terminal and are,0.6125049000392003
and are afraid,0.6125049000392003
are afraid of,0.6125049000392003
afraid of a,0.6125049000392003
of a little,0.6125049000392003
learning models at,0.6125049000392003
models at least,0.6125049000392003
quantitative field bachelor,0.6125049000392003
field bachelor s,0.6125049000392003
or tensorflow strong,0.6125049000392003
tensorflow strong proficiency,0.6125049000392003
experimental design solid,0.6125049000392003
design solid understanding,0.6125049000392003
and is committed,0.6002548020384163
